emp_code,emp_name,punch_datetime
101,أحمد,01/09/2026 08:00
102,منى,01/09/2026 08:05
101,أحمد,01/09/2026 17:00
102,منى,01/09/2026 17:10
101,أحمد,02/09/2026 08:00
102,منى,02/09/2026 08:05
101,أحمد,02/09/2026 17:00
102,منى,02/09/2026 17:10
101,أحمد,03/09/2026 08:00
102,منى,03/09/2026 08:05
101,أحمد,03/09/2026 17:00
102,منى,03/09/2026 17:10
101,أحمد,04/09/2026 08:00
102,منى,04/09/2026 08:05
101,أحمد,04/09/2026 17:00
102,منى,04/09/2026 17:10
101,أحمد,05/09/2026 08:00
102,منى,05/09/2026 08:05
101,أحمد,05/09/2026 17:00
102,منى,05/09/2026 17:10
101,أحمد,06/09/2026 08:00
102,منى,06/09/2026 08:05
101,أحمد,06/09/2026 17:00
102,منى,06/09/2026 17:10
101,أحمد,07/09/2026 08:00
102,منى,07/09/2026 08:05
101,أحمد,07/09/2026 17:00
102,منى,07/09/2026 17:10
101,أحمد,08/09/2026 08:00
102,منى,08/09/2026 08:05
101,أحمد,08/09/2026 17:00
102,منى,08/09/2026 17:10
101,أحمد,09/09/2026 08:00
102,منى,09/09/2026 08:05
101,أحمد,09/09/2026 17:00
102,منى,09/09/2026 17:10
101,أحمد,10/09/2026 08:00
102,منى,10/09/2026 08:05
101,أحمد,10/09/2026 17:00
102,منى,10/09/2026 17:10
101,أحمد,11/09/2026 08:00
102,منى,11/09/2026 08:05
101,أحمد,11/09/2026 17:00
102,منى,11/09/2026 17:10
101,أحمد,12/09/2026 08:00
102,منى,12/09/2026 08:05
101,أحمد,12/09/2026 17:00
102,منى,12/09/2026 17:10
